year,species_finnish,species_english,species_key,quantity_kg,quantity_units,value_eur,price_eur_per_kg,price_eur_per_unit
1980,LAHNA,Bream,bream,103000.0,,82000.0,0.7961165048543689,
1981,LAHNA,Bream,bream,59000.0,,45000.0,0.7627118644067796,
1982,LAHNA,Bream,bream,70000.0,,59000.0,0.8428571428571429,
1983,LAHNA,Bream,bream,64000.0,,51000.0,0.796875,
1984,LAHNA,Bream,bream,60000.0,,45000.0,0.75,
1985,LAHNA,Bream,bream,56000.0,,46000.0,0.8214285714285714,
1986,LAHNA,Bream,bream,49000.0,,38000.0,0.7755102040816326,
1987,LAHNA,Bream,bream,47000.0,,38000.0,0.8085106382978723,
1988,LAHNA,Bream,bream,47000.0,,46000.0,0.9787234042553191,
1989,LAHNA,Bream,bream,44000.0,,36000.0,0.8181818181818182,
1990,LAHNA,Bream,bream,30000.0,,21000.0,0.7,
1991,LAHNA,Bream,bream,42000.0,,25000.0,0.5952380952380952,
1992,LAHNA,Bream,bream,44000.0,,31000.0,0.7045454545454546,
1993,LAHNA,Bream,bream,42000.0,,29000.0,0.6904761904761905,
1994,LAHNA,Bream,bream,91000.0,,68000.0,0.7472527472527473,
1995,LAHNA,Bream,bream,64000.0,,39000.0,0.609375,
1996,LAHNA,Bream,bream,129000.0,,67000.0,0.5193798449612403,
1997,LAHNA,Bream,bream,,,,,
1998,LAHNA,Bream,bream,132000.0,,74000.0,0.5606060606060606,
1999,LAHNA,Bream,bream,,,,,
2000,LAHNA,Bream,bream,217000.0,,121000.0,0.5576036866359447,
2001,LAHNA,Bream,bream,,,,,
2002,LAHNA,Bream,bream,221000.0,,113000.0,0.5113122171945701,
2003,LAHNA,Bream,bream,,,,,
2004,LAHNA,Bream,bream,323000.0,,129000.0,0.3993808049535604,
2005,LAHNA,Bream,bream,,,,,
2006,LAHNA,Bream,bream,220000.0,,75000.0,0.3409090909090909,
2007,LAHNA,Bream,bream,,,,,
2008,LAHNA,Bream,bream,157000.0,,65000.0,0.4140127388535032,
2009,LAHNA,Bream,bream,,,,,
2010,LAHNA,Bream,bream,319000.0,,125000.0,0.39184952978056425,
2011,LAHNA,Bream,bream,,,,,
2012,LAHNA,Bream,bream,247000.0,,75000.0,0.30364372469635625,
2013,LAHNA,Bream,bream,,,,,
2014,LAHNA,Bream,bream,431000.0,,174000.0,0.4037122969837587,
2015,LAHNA,Bream,bream,,,,,
2016,LAHNA,Bream,bream,299000.0,,302000.0,1.0100334448160535,
2017,LAHNA,Bream,bream,379000.0,,360000.0,0.9498680738786279,
2018,LAHNA,Bream,bream,354000.0,,252000.0,0.711864406779661,
2019,LAHNA,Bream,bream,409000.0,,245000.0,0.5990220048899756,
2020,LAHNA,Bream,bream,382000.0,,264000.0,0.6910994764397905,
2021,LAHNA,Bream,bream,402000.0,,314000.0,0.7810945273631841,
2022,LAHNA,Bream,bream,467000.0,,387000.0,0.828693790149893,
2023,LAHNA,Bream,bream,398000.0,,490000.0,1.2311557788944723,
2024,LAHNA,Bream,bream,405000.0,,498000.0,1.2296296296296296,
1980,MADE,Burbot,burbot,115000.0,,181000.0,1.5739130434782609,
1981,MADE,Burbot,burbot,104000.0,,176000.0,1.6923076923076923,
1982,MADE,Burbot,burbot,133000.0,,231000.0,1.736842105263158,
1983,MADE,Burbot,burbot,159000.0,,280000.0,1.7610062893081762,
1984,MADE,Burbot,burbot,198000.0,,326000.0,1.6464646464646464,
1985,MADE,Burbot,burbot,218000.0,,381000.0,1.7477064220183487,
1986,MADE,Burbot,burbot,190000.0,,343000.0,1.805263157894737,
1987,MADE,Burbot,burbot,211000.0,,442000.0,2.09478672985782,
1988,MADE,Burbot,burbot,200000.0,,450000.0,2.25,
1989,MADE,Burbot,burbot,64000.0,,104000.0,1.625,
1990,MADE,Burbot,burbot,48000.0,,79000.0,1.6458333333333333,
1991,MADE,Burbot,burbot,60000.0,,81000.0,1.35,
1992,MADE,Burbot,burbot,55000.0,,77000.0,1.4,
1993,MADE,Burbot,burbot,57000.0,,87000.0,1.5263157894736843,
1994,MADE,Burbot,burbot,48000.0,,80000.0,1.6666666666666667,
1995,MADE,Burbot,burbot,48000.0,,84000.0,1.75,
1996,MADE,Burbot,burbot,45000.0,,73000.0,1.6222222222222222,
1997,MADE,Burbot,burbot,,,,,
1998,MADE,Burbot,burbot,36000.0,,66000.0,1.8333333333333333,
1999,MADE,Burbot,burbot,,,,,
2000,MADE,Burbot,burbot,43000.0,,71000.0,1.6511627906976745,
2001,MADE,Burbot,burbot,,,,,
2002,MADE,Burbot,burbot,35000.0,,71000.0,2.0285714285714285,
2003,MADE,Burbot,burbot,,,,,
2004,MADE,Burbot,burbot,34000.0,,98000.0,2.8823529411764706,
2005,MADE,Burbot,burbot,,,,,
2006,MADE,Burbot,burbot,27000.0,,85000.0,3.1481481481481484,
2007,MADE,Burbot,burbot,,,,,
2008,MADE,Burbot,burbot,25000.0,,109000.0,4.36,
2009,MADE,Burbot,burbot,,,,,
2010,MADE,Burbot,burbot,25000.0,,105000.0,4.2,
2011,MADE,Burbot,burbot,,,,,
2012,MADE,Burbot,burbot,42000.0,,196000.0,4.666666666666667,
2013,MADE,Burbot,burbot,,,,,
2014,MADE,Burbot,burbot,48000.0,,215000.0,4.479166666666667,
2015,MADE,Burbot,burbot,,,,,
2016,MADE,Burbot,burbot,58000.0,,261000.0,4.5,
2017,MADE,Burbot,burbot,56000.0,,269000.0,4.803571428571429,
2018,MADE,Burbot,burbot,53000.0,,239000.0,4.509433962264151,
2019,MADE,Burbot,burbot,62000.0,,298000.0,4.806451612903226,
2020,MADE,Burbot,burbot,57000.0,,277000.0,4.859649122807017,
2021,MADE,Burbot,burbot,61000.0,,326000.0,5.344262295081967,
2022,MADE,Burbot,burbot,46000.0,,242000.0,5.260869565217392,
2023,MADE,Burbot,burbot,51000.0,,260000.0,5.098039215686274,
2024,MADE,Burbot,burbot,46000.0,,243000.0,5.282608695652174,
1980,JOKIRAPU,Noble crayfish,noble_crayfish,,,,,
1981,JOKIRAPU,Noble crayfish,noble_crayfish,,,,,
1982,JOKIRAPU,Noble crayfish,noble_crayfish,,,,,
1983,JOKIRAPU,Noble crayfish,noble_crayfish,,,,,
1984,JOKIRAPU,Noble crayfish,noble_crayfish,,,,,
1985,JOKIRAPU,Noble crayfish,noble_crayfish,,,,,
1986,JOKIRAPU,Noble crayfish,noble_crayfish,,,,,
1987,JOKIRAPU,Noble crayfish,noble_crayfish,,,,,
1988,JOKIRAPU,Noble crayfish,noble_crayfish,,,,,
1989,JOKIRAPU,Noble crayfish,noble_crayfish,,,,,
1990,JOKIRAPU,Noble crayfish,noble_crayfish,,,,,
1991,JOKIRAPU,Noble crayfish,noble_crayfish,,,,,
1992,JOKIRAPU,Noble crayfish,noble_crayfish,,,,,
1993,JOKIRAPU,Noble crayfish,noble_crayfish,,,,,
1994,JOKIRAPU,Noble crayfish,noble_crayfish,,,,,
1995,JOKIRAPU,Noble crayfish,noble_crayfish,,,,,
1996,JOKIRAPU,Noble crayfish,noble_crayfish,,,,,
1997,JOKIRAPU,Noble crayfish,noble_crayfish,,,,,
1998,JOKIRAPU,Noble crayfish,noble_crayfish,,,,,
1999,JOKIRAPU,Noble crayfish,noble_crayfish,,,,,
2000,JOKIRAPU,Noble crayfish,noble_crayfish,,,,,
2001,JOKIRAPU,Noble crayfish,noble_crayfish,,,,,
2002,JOKIRAPU,Noble crayfish,noble_crayfish,,,,,
2003,JOKIRAPU,Noble crayfish,noble_crayfish,,,,,
2004,JOKIRAPU,Noble crayfish,noble_crayfish,,,,,
2005,JOKIRAPU,Noble crayfish,noble_crayfish,,,,,
2006,JOKIRAPU,Noble crayfish,noble_crayfish,,,,,
2007,JOKIRAPU,Noble crayfish,noble_crayfish,,,,,
2008,JOKIRAPU,Noble crayfish,noble_crayfish,,,,,
2009,JOKIRAPU,Noble crayfish,noble_crayfish,,,,,
2010,JOKIRAPU,Noble crayfish,noble_crayfish,,,,,
2011,JOKIRAPU,Noble crayfish,noble_crayfish,,,,,
2012,JOKIRAPU,Noble crayfish,noble_crayfish,,3000.0,6000.0,,2.0
2013,JOKIRAPU,Noble crayfish,noble_crayfish,,,,,
2014,JOKIRAPU,Noble crayfish,noble_crayfish,,2000.0,6000.0,,3.0
2015,JOKIRAPU,Noble crayfish,noble_crayfish,,,,,
2016,JOKIRAPU,Noble crayfish,noble_crayfish,,58000.0,131000.0,,2.2586206896551726
2017,JOKIRAPU,Noble crayfish,noble_crayfish,,43000.0,110000.0,,2.558139534883721
2018,JOKIRAPU,Noble crayfish,noble_crayfish,,17000.0,35000.0,,2.0588235294117645
2019,JOKIRAPU,Noble crayfish,noble_crayfish,,13000.0,38000.0,,2.923076923076923
2020,JOKIRAPU,Noble crayfish,noble_crayfish,,8000.0,16000.0,,2.0
2021,JOKIRAPU,Noble crayfish,noble_crayfish,,6000.0,16000.0,,2.6666666666666665
2022,JOKIRAPU,Noble crayfish,noble_crayfish,,6000.0,15000.0,,2.5
2023,JOKIRAPU,Noble crayfish,noble_crayfish,,31000.0,88000.0,,2.838709677419355
2024,JOKIRAPU,Noble crayfish,noble_crayfish,,7000.0,21000.0,,3.0
1980,MUUT KALAT,Other fish,other_fish,97000.0,,30000.0,0.30927835051546393,
1981,MUUT KALAT,Other fish,other_fish,154000.0,,41000.0,0.2662337662337662,
1982,MUUT KALAT,Other fish,other_fish,277000.0,,76000.0,0.2743682310469314,
1983,MUUT KALAT,Other fish,other_fish,179000.0,,58000.0,0.3240223463687151,
1984,MUUT KALAT,Other fish,other_fish,111000.0,,36000.0,0.32432432432432434,
1985,MUUT KALAT,Other fish,other_fish,142000.0,,47000.0,0.33098591549295775,
1986,MUUT KALAT,Other fish,other_fish,169000.0,,56000.0,0.33136094674556216,
1987,MUUT KALAT,Other fish,other_fish,172000.0,,60000.0,0.3488372093023256,
1988,MUUT KALAT,Other fish,other_fish,161000.0,,41000.0,0.2546583850931677,
1989,MUUT KALAT,Other fish,other_fish,141000.0,,36000.0,0.2553191489361702,
1990,MUUT KALAT,Other fish,other_fish,140000.0,,35000.0,0.25,
1991,MUUT KALAT,Other fish,other_fish,133000.0,,33000.0,0.24812030075187969,
1992,MUUT KALAT,Other fish,other_fish,149000.0,,38000.0,0.2550335570469799,
1993,MUUT KALAT,Other fish,other_fish,106000.0,,11000.0,0.10377358490566038,
1994,MUUT KALAT,Other fish,other_fish,252000.0,,22000.0,0.0873015873015873,
1995,MUUT KALAT,Other fish,other_fish,129000.0,,12000.0,0.09302325581395349,
1996,MUUT KALAT,Other fish,other_fish,103000.0,,21000.0,0.20388349514563106,
1997,MUUT KALAT,Other fish,other_fish,,,,,
1998,MUUT KALAT,Other fish,other_fish,197000.0,,20000.0,0.10152284263959391,
1999,MUUT KALAT,Other fish,other_fish,,,,,
2000,MUUT KALAT,Other fish,other_fish,133000.0,,58000.0,0.43609022556390975,
2001,MUUT KALAT,Other fish,other_fish,,,,,
2002,MUUT KALAT,Other fish,other_fish,325000.0,,36000.0,0.11076923076923077,
2003,MUUT KALAT,Other fish,other_fish,,,,,
2004,MUUT KALAT,Other fish,other_fish,261000.0,,21000.0,0.08045977011494253,
2005,MUUT KALAT,Other fish,other_fish,,,,,
2006,MUUT KALAT,Other fish,other_fish,329000.0,,49000.0,0.14893617021276595,
2007,MUUT KALAT,Other fish,other_fish,,,,,
2008,MUUT KALAT,Other fish,other_fish,124000.0,,46000.0,0.3709677419354839,
2009,MUUT KALAT,Other fish,other_fish,,,,,
2010,MUUT KALAT,Other fish,other_fish,435000.0,,140000.0,0.3218390804597701,
2011,MUUT KALAT,Other fish,other_fish,,,,,
2012,MUUT KALAT,Other fish,other_fish,120000.0,,120000.0,1.0,
2013,MUUT KALAT,Other fish,other_fish,,,,,
2014,MUUT KALAT,Other fish,other_fish,244000.0,,111000.0,0.45491803278688525,
2015,MUUT KALAT,Other fish,other_fish,,,,,
2016,MUUT KALAT,Other fish,other_fish,304000.0,,107000.0,0.3519736842105263,
2017,MUUT KALAT,Other fish,other_fish,310000.0,,173000.0,0.5580645161290323,
2018,MUUT KALAT,Other fish,other_fish,203000.0,,144000.0,0.7093596059113301,
2019,MUUT KALAT,Other fish,other_fish,310000.0,,135000.0,0.43548387096774194,
2020,MUUT KALAT,Other fish,other_fish,199000.0,,122000.0,0.6130653266331658,
2021,MUUT KALAT,Other fish,other_fish,332000.0,,152000.0,0.4578313253012048,
2022,MUUT KALAT,Other fish,other_fish,298000.0,,180000.0,0.6040268456375839,
2023,MUUT KALAT,Other fish,other_fish,238000.0,,199000.0,0.8361344537815126,
2024,MUUT KALAT,Other fish,other_fish,538000.0,,440000.0,0.8178438661710037,
1980,AHVEN,Perch,perch,188000.0,,95000.0,0.5053191489361702,
1981,AHVEN,Perch,perch,186000.0,,90000.0,0.4838709677419355,
1982,AHVEN,Perch,perch,221000.0,,133000.0,0.6018099547511312,
1983,AHVEN,Perch,perch,226000.0,,154000.0,0.6814159292035398,
1984,AHVEN,Perch,perch,145000.0,,107000.0,0.7379310344827587,
1985,AHVEN,Perch,perch,143000.0,,120000.0,0.8391608391608392,
1986,AHVEN,Perch,perch,131000.0,,113000.0,0.8625954198473282,
1987,AHVEN,Perch,perch,151000.0,,132000.0,0.8741721854304636,
1988,AHVEN,Perch,perch,189000.0,,171000.0,0.9047619047619048,
1989,AHVEN,Perch,perch,226000.0,,224000.0,0.9911504424778761,
1990,AHVEN,Perch,perch,160000.0,,163000.0,1.01875,
1991,AHVEN,Perch,perch,226000.0,,180000.0,0.7964601769911505,
1992,AHVEN,Perch,perch,242000.0,,211000.0,0.871900826446281,
1993,AHVEN,Perch,perch,222000.0,,161000.0,0.7252252252252253,
1994,AHVEN,Perch,perch,266000.0,,238000.0,0.8947368421052632,
1995,AHVEN,Perch,perch,251000.0,,197000.0,0.7848605577689243,
1996,AHVEN,Perch,perch,218000.0,,159000.0,0.7293577981651376,
1997,AHVEN,Perch,perch,,,,,
1998,AHVEN,Perch,perch,225000.0,,188000.0,0.8355555555555556,
1999,AHVEN,Perch,perch,,,,,
2000,AHVEN,Perch,perch,259000.0,,248000.0,0.9575289575289575,
2001,AHVEN,Perch,perch,,,,,
2002,AHVEN,Perch,perch,428000.0,,454000.0,1.060747663551402,
2003,AHVEN,Perch,perch,,,,,
2004,AHVEN,Perch,perch,497000.0,,483000.0,0.971830985915493,
2005,AHVEN,Perch,perch,,,,,
2006,AHVEN,Perch,perch,343000.0,,415000.0,1.2099125364431487,
2007,AHVEN,Perch,perch,,,,,
2008,AHVEN,Perch,perch,142000.0,,197000.0,1.3873239436619718,
2009,AHVEN,Perch,perch,,,,,
2010,AHVEN,Perch,perch,219000.0,,309000.0,1.4109589041095891,
2011,AHVEN,Perch,perch,,,,,
2012,AHVEN,Perch,perch,213000.0,,458000.0,2.1502347417840375,
2013,AHVEN,Perch,perch,,,,,
2014,AHVEN,Perch,perch,308000.0,,549000.0,1.7824675324675325,
2015,AHVEN,Perch,perch,,,,,
2016,AHVEN,Perch,perch,235000.0,,578000.0,2.4595744680851066,
2017,AHVEN,Perch,perch,197000.0,,520000.0,2.6395939086294415,
2018,AHVEN,Perch,perch,176000.0,,387000.0,2.1988636363636362,
2019,AHVEN,Perch,perch,315000.0,,773000.0,2.453968253968254,
2020,AHVEN,Perch,perch,287000.0,,711000.0,2.4773519163763065,
2021,AHVEN,Perch,perch,266000.0,,641000.0,2.4097744360902253,
2022,AHVEN,Perch,perch,201000.0,,692000.0,3.442786069651741,
2023,AHVEN,Perch,perch,298000.0,,1046000.0,3.51006711409396,
2024,AHVEN,Perch,perch,317000.0,,799000.0,2.5205047318611986,
1980,HAUKI,Pike,pike,168000.0,,213000.0,1.2678571428571428,
1981,HAUKI,Pike,pike,196000.0,,248000.0,1.2653061224489797,
1982,HAUKI,Pike,pike,260000.0,,351000.0,1.35,
1983,HAUKI,Pike,pike,335000.0,,447000.0,1.3343283582089551,
1984,HAUKI,Pike,pike,321000.0,,431000.0,1.3426791277258567,
1985,HAUKI,Pike,pike,325000.0,,441000.0,1.356923076923077,
1986,HAUKI,Pike,pike,319000.0,,459000.0,1.438871473354232,
1987,HAUKI,Pike,pike,309000.0,,534000.0,1.7281553398058251,
1988,HAUKI,Pike,pike,324000.0,,626000.0,1.9320987654320987,
1989,HAUKI,Pike,pike,193000.0,,219000.0,1.1347150259067358,
1990,HAUKI,Pike,pike,192000.0,,243000.0,1.265625,
1991,HAUKI,Pike,pike,176000.0,,200000.0,1.1363636363636365,
1992,HAUKI,Pike,pike,178000.0,,206000.0,1.1573033707865168,
1993,HAUKI,Pike,pike,192000.0,,236000.0,1.2291666666666667,
1994,HAUKI,Pike,pike,120000.0,,160000.0,1.3333333333333333,
1995,HAUKI,Pike,pike,97000.0,,121000.0,1.2474226804123711,
1996,HAUKI,Pike,pike,110000.0,,126000.0,1.1454545454545455,
1997,HAUKI,Pike,pike,,,,,
1998,HAUKI,Pike,pike,88000.0,,102000.0,1.1590909090909092,
1999,HAUKI,Pike,pike,,,,,
2000,HAUKI,Pike,pike,127000.0,,152000.0,1.1968503937007875,
2001,HAUKI,Pike,pike,,,,,
2002,HAUKI,Pike,pike,133000.0,,163000.0,1.2255639097744362,
2003,HAUKI,Pike,pike,,,,,
2004,HAUKI,Pike,pike,110000.0,,105000.0,0.9545454545454546,
2005,HAUKI,Pike,pike,,,,,
2006,HAUKI,Pike,pike,143000.0,,147000.0,1.027972027972028,
2007,HAUKI,Pike,pike,,,,,
2008,HAUKI,Pike,pike,97000.0,,154000.0,1.5876288659793814,
2009,HAUKI,Pike,pike,,,,,
2010,HAUKI,Pike,pike,136000.0,,199000.0,1.463235294117647,
2011,HAUKI,Pike,pike,,,,,
2012,HAUKI,Pike,pike,121000.0,,220000.0,1.8181818181818181,
2013,HAUKI,Pike,pike,,,,,
2014,HAUKI,Pike,pike,169000.0,,326000.0,1.9289940828402368,
2015,HAUKI,Pike,pike,,,,,
2016,HAUKI,Pike,pike,278000.0,,544000.0,1.9568345323741008,
2017,HAUKI,Pike,pike,327000.0,,676000.0,2.067278287461774,
2018,HAUKI,Pike,pike,227000.0,,465000.0,2.048458149779736,
2019,HAUKI,Pike,pike,329000.0,,727000.0,2.209726443768997,
2020,HAUKI,Pike,pike,238000.0,,561000.0,2.357142857142857,
2021,HAUKI,Pike,pike,258000.0,,609000.0,2.36046511627907,
2022,HAUKI,Pike,pike,246000.0,,617000.0,2.508130081300813,
2023,HAUKI,Pike,pike,238000.0,,663000.0,2.7857142857142856,
2024,HAUKI,Pike,pike,267000.0,,732000.0,2.741573033707865,
1980,KUHA,Pike-perch,pike_perch,45000.0,,77000.0,1.711111111111111,
1981,KUHA,Pike-perch,pike_perch,34000.0,,62000.0,1.8235294117647058,
1982,KUHA,Pike-perch,pike_perch,28000.0,,67000.0,2.392857142857143,
1983,KUHA,Pike-perch,pike_perch,48000.0,,129000.0,2.6875,
1984,KUHA,Pike-perch,pike_perch,54000.0,,145000.0,2.685185185185185,
1985,KUHA,Pike-perch,pike_perch,51000.0,,146000.0,2.8627450980392157,
1986,KUHA,Pike-perch,pike_perch,45000.0,,132000.0,2.933333333333333,
1987,KUHA,Pike-perch,pike_perch,44000.0,,147000.0,3.340909090909091,
1988,KUHA,Pike-perch,pike_perch,55000.0,,195000.0,3.5454545454545454,
1989,KUHA,Pike-perch,pike_perch,19000.0,,73000.0,3.8421052631578947,
1990,KUHA,Pike-perch,pike_perch,24000.0,,77000.0,3.2083333333333335,
1991,KUHA,Pike-perch,pike_perch,25000.0,,73000.0,2.92,
1992,KUHA,Pike-perch,pike_perch,28000.0,,72000.0,2.5714285714285716,
1993,KUHA,Pike-perch,pike_perch,41000.0,,105000.0,2.5609756097560976,
1994,KUHA,Pike-perch,pike_perch,41000.0,,123000.0,3.0,
1995,KUHA,Pike-perch,pike_perch,57000.0,,142000.0,2.491228070175439,
1996,KUHA,Pike-perch,pike_perch,54000.0,,151000.0,2.7962962962962963,
1997,KUHA,Pike-perch,pike_perch,,,,,
1998,KUHA,Pike-perch,pike_perch,67000.0,,206000.0,3.074626865671642,
1999,KUHA,Pike-perch,pike_perch,,,,,
2000,KUHA,Pike-perch,pike_perch,75000.0,,236000.0,3.1466666666666665,
2001,KUHA,Pike-perch,pike_perch,,,,,
2002,KUHA,Pike-perch,pike_perch,99000.0,,288000.0,2.909090909090909,
2003,KUHA,Pike-perch,pike_perch,,,,,
2004,KUHA,Pike-perch,pike_perch,99000.0,,314000.0,3.1717171717171717,
2005,KUHA,Pike-perch,pike_perch,,,,,
2006,KUHA,Pike-perch,pike_perch,113000.0,,382000.0,3.3805309734513274,
2007,KUHA,Pike-perch,pike_perch,,,,,
2008,KUHA,Pike-perch,pike_perch,113000.0,,524000.0,4.6371681415929205,
2009,KUHA,Pike-perch,pike_perch,,,,,
2010,KUHA,Pike-perch,pike_perch,221000.0,,1145000.0,5.180995475113122,
2011,KUHA,Pike-perch,pike_perch,,,,,
2012,KUHA,Pike-perch,pike_perch,317000.0,,1665000.0,5.252365930599369,
2013,KUHA,Pike-perch,pike_perch,,,,,
2014,KUHA,Pike-perch,pike_perch,444000.0,,2609000.0,5.876126126126126,
2015,KUHA,Pike-perch,pike_perch,,,,,
2016,KUHA,Pike-perch,pike_perch,715000.0,,4455000.0,6.230769230769231,
2017,KUHA,Pike-perch,pike_perch,710000.0,,4468000.0,6.292957746478873,
2018,KUHA,Pike-perch,pike_perch,727000.0,,4775000.0,6.56808803301238,
2019,KUHA,Pike-perch,pike_perch,879000.0,,5784000.0,6.580204778156997,
2020,KUHA,Pike-perch,pike_perch,912000.0,,5728000.0,6.280701754385965,
2021,KUHA,Pike-perch,pike_perch,926000.0,,5963000.0,6.439524838012959,
2022,KUHA,Pike-perch,pike_perch,758000.0,,5259000.0,6.937994722955145,
2023,KUHA,Pike-perch,pike_perch,682000.0,,4756000.0,6.973607038123167,
2024,KUHA,Pike-perch,pike_perch,828000.0,,5799000.0,7.003623188405797,
1980,SÄRKI,Roach,roach,300000.0,,49000.0,0.16333333333333333,
1981,SÄRKI,Roach,roach,329000.0,,54000.0,0.1641337386018237,
1982,SÄRKI,Roach,roach,265000.0,,47000.0,0.17735849056603772,
1983,SÄRKI,Roach,roach,248000.0,,48000.0,0.1935483870967742,
1984,SÄRKI,Roach,roach,200000.0,,38000.0,0.19,
1985,SÄRKI,Roach,roach,206000.0,,53000.0,0.25728155339805825,
1986,SÄRKI,Roach,roach,237000.0,,52000.0,0.21940928270042195,
1987,SÄRKI,Roach,roach,193000.0,,33000.0,0.17098445595854922,
1988,SÄRKI,Roach,roach,287000.0,,129000.0,0.44947735191637633,
1989,SÄRKI,Roach,roach,356000.0,,115000.0,0.32303370786516855,
1990,SÄRKI,Roach,roach,259000.0,,50000.0,0.19305019305019305,
1991,SÄRKI,Roach,roach,358000.0,,69000.0,0.19273743016759776,
1992,SÄRKI,Roach,roach,372000.0,,25000.0,0.06720430107526881,
1993,SÄRKI,Roach,roach,444000.0,,98000.0,0.22072072072072071,
1994,SÄRKI,Roach,roach,414000.0,,139000.0,0.3357487922705314,
1995,SÄRKI,Roach,roach,479000.0,,76000.0,0.15866388308977036,
1996,SÄRKI,Roach,roach,567000.0,,107000.0,0.18871252204585537,
1997,SÄRKI,Roach,roach,,,,,
1998,SÄRKI,Roach,roach,655000.0,,52000.0,0.07938931297709924,
1999,SÄRKI,Roach,roach,,,,,
2000,SÄRKI,Roach,roach,977000.0,,117000.0,0.11975435005117707,
2001,SÄRKI,Roach,roach,,,,,
2002,SÄRKI,Roach,roach,600000.0,,108000.0,0.18,
2003,SÄRKI,Roach,roach,,,,,
2004,SÄRKI,Roach,roach,571000.0,,91000.0,0.159369527145359,
2005,SÄRKI,Roach,roach,,,,,
2006,SÄRKI,Roach,roach,502000.0,,75000.0,0.14940239043824702,
2007,SÄRKI,Roach,roach,,,,,
2008,SÄRKI,Roach,roach,495000.0,,118000.0,0.2383838383838384,
2009,SÄRKI,Roach,roach,,,,,
2010,SÄRKI,Roach,roach,461000.0,,152000.0,0.3297180043383948,
2011,SÄRKI,Roach,roach,,,,,
2012,SÄRKI,Roach,roach,803000.0,,262000.0,0.32627646326276466,
2013,SÄRKI,Roach,roach,,,,,
2014,SÄRKI,Roach,roach,839000.0,,384000.0,0.4576877234803337,
2015,SÄRKI,Roach,roach,,,,,
2016,SÄRKI,Roach,roach,727000.0,,436000.0,0.5997248968363136,
2017,SÄRKI,Roach,roach,746000.0,,515000.0,0.6903485254691689,
2018,SÄRKI,Roach,roach,639000.0,,588000.0,0.92018779342723,
2019,SÄRKI,Roach,roach,786000.0,,668000.0,0.8498727735368957,
2020,SÄRKI,Roach,roach,647000.0,,569000.0,0.8794435857805255,
2021,SÄRKI,Roach,roach,444000.0,,395000.0,0.8896396396396397,
2022,SÄRKI,Roach,roach,501000.0,,321000.0,0.6407185628742516,
2023,SÄRKI,Roach,roach,588000.0,,494000.0,0.8401360544217688,
2024,SÄRKI,Roach,roach,351000.0,,333000.0,0.9487179487179487,
1980,LOHI,Salmon,salmon,9000.0,,58000.0,6.444444444444445,
1981,LOHI,Salmon,salmon,7000.0,,38000.0,5.428571428571429,
1982,LOHI,Salmon,salmon,13000.0,,72000.0,5.538461538461538,
1983,LOHI,Salmon,salmon,16000.0,,90000.0,5.625,
1984,LOHI,Salmon,salmon,13000.0,,67000.0,5.153846153846154,
1985,LOHI,Salmon,salmon,12000.0,,66000.0,5.5,
1986,LOHI,Salmon,salmon,13000.0,,68000.0,5.230769230769231,
1987,LOHI,Salmon,salmon,11000.0,,66000.0,6.0,
1988,LOHI,Salmon,salmon,8000.0,,45000.0,5.625,
1989,LOHI,Salmon,salmon,14000.0,,70000.0,5.0,
1990,LOHI,Salmon,salmon,14000.0,,48000.0,3.4285714285714284,
1991,LOHI,Salmon,salmon,14000.0,,47000.0,3.357142857142857,
1992,LOHI,Salmon,salmon,17000.0,,54000.0,3.176470588235294,
1993,LOHI,Salmon,salmon,9000.0,,32000.0,3.5555555555555554,
1994,LOHI,Salmon,salmon,11000.0,,42000.0,3.8181818181818183,
1995,LOHI,Salmon,salmon,9000.0,,25000.0,2.7777777777777777,
1996,LOHI,Salmon,salmon,5000.0,,12000.0,2.4,
1997,LOHI,Salmon,salmon,,,,,
1998,LOHI,Salmon,salmon,7000.0,,20000.0,2.857142857142857,
1999,LOHI,Salmon,salmon,,,,,
2000,LOHI,Salmon,salmon,9000.0,,32000.0,3.5555555555555554,
2001,LOHI,Salmon,salmon,,,,,
2002,LOHI,Salmon,salmon,14000.0,,39000.0,2.7857142857142856,
2003,LOHI,Salmon,salmon,,,,,
2004,LOHI,Salmon,salmon,8000.0,,18000.0,2.25,
2005,LOHI,Salmon,salmon,,,,,
2006,LOHI,Salmon,salmon,5000.0,,19000.0,3.8,
2007,LOHI,Salmon,salmon,,,,,
2008,LOHI,Salmon,salmon,0.0,,0.0,,
2009,LOHI,Salmon,salmon,,,,,
2010,LOHI,Salmon,salmon,0.0,,0.0,,
2011,LOHI,Salmon,salmon,,,,,
2012,LOHI,Salmon,salmon,0.0,,3000.0,,
2013,LOHI,Salmon,salmon,,,,,
2014,LOHI,Salmon,salmon,1000.0,,4000.0,4.0,
2015,LOHI,Salmon,salmon,,,,,
2016,LOHI,Salmon,salmon,3000.0,,21000.0,7.0,
2017,LOHI,Salmon,salmon,2000.0,,15000.0,7.5,
2018,LOHI,Salmon,salmon,4000.0,,24000.0,6.0,
2019,LOHI,Salmon,salmon,14000.0,,77000.0,5.5,
2020,LOHI,Salmon,salmon,9000.0,,66000.0,7.333333333333333,
2021,LOHI,Salmon,salmon,19000.0,,110000.0,5.7894736842105265,
2022,LOHI,Salmon,salmon,4000.0,,41000.0,10.25,
2023,LOHI,Salmon,salmon,4000.0,,42000.0,10.5,
2024,LOHI,Salmon,salmon,6000.0,,55000.0,9.166666666666666,
1980,TÄPLÄRAPU,Signal crayfish,signal_crayfish,,,,,
1981,TÄPLÄRAPU,Signal crayfish,signal_crayfish,,,,,
1982,TÄPLÄRAPU,Signal crayfish,signal_crayfish,,,,,
1983,TÄPLÄRAPU,Signal crayfish,signal_crayfish,,,,,
1984,TÄPLÄRAPU,Signal crayfish,signal_crayfish,,,,,
1985,TÄPLÄRAPU,Signal crayfish,signal_crayfish,,,,,
1986,TÄPLÄRAPU,Signal crayfish,signal_crayfish,,,,,
1987,TÄPLÄRAPU,Signal crayfish,signal_crayfish,,,,,
1988,TÄPLÄRAPU,Signal crayfish,signal_crayfish,,,,,
1989,TÄPLÄRAPU,Signal crayfish,signal_crayfish,,,,,
1990,TÄPLÄRAPU,Signal crayfish,signal_crayfish,,,,,
1991,TÄPLÄRAPU,Signal crayfish,signal_crayfish,,,,,
1992,TÄPLÄRAPU,Signal crayfish,signal_crayfish,,,,,
1993,TÄPLÄRAPU,Signal crayfish,signal_crayfish,,,,,
1994,TÄPLÄRAPU,Signal crayfish,signal_crayfish,,,,,
1995,TÄPLÄRAPU,Signal crayfish,signal_crayfish,,,,,
1996,TÄPLÄRAPU,Signal crayfish,signal_crayfish,,,,,
1997,TÄPLÄRAPU,Signal crayfish,signal_crayfish,,,,,
1998,TÄPLÄRAPU,Signal crayfish,signal_crayfish,,,,,
1999,TÄPLÄRAPU,Signal crayfish,signal_crayfish,,,,,
2000,TÄPLÄRAPU,Signal crayfish,signal_crayfish,,,,,
2001,TÄPLÄRAPU,Signal crayfish,signal_crayfish,,,,,
2002,TÄPLÄRAPU,Signal crayfish,signal_crayfish,,,,,
2003,TÄPLÄRAPU,Signal crayfish,signal_crayfish,,,,,
2004,TÄPLÄRAPU,Signal crayfish,signal_crayfish,,,,,
2005,TÄPLÄRAPU,Signal crayfish,signal_crayfish,,,,,
2006,TÄPLÄRAPU,Signal crayfish,signal_crayfish,,,,,
2007,TÄPLÄRAPU,Signal crayfish,signal_crayfish,,,,,
2008,TÄPLÄRAPU,Signal crayfish,signal_crayfish,,153000.0,154000.0,,1.0065359477124183
2009,TÄPLÄRAPU,Signal crayfish,signal_crayfish,,,,,
2010,TÄPLÄRAPU,Signal crayfish,signal_crayfish,,488000.0,424000.0,,0.8688524590163934
2011,TÄPLÄRAPU,Signal crayfish,signal_crayfish,,,,,
2012,TÄPLÄRAPU,Signal crayfish,signal_crayfish,,346000.0,446000.0,,1.2890173410404624
2013,TÄPLÄRAPU,Signal crayfish,signal_crayfish,,,,,
2014,TÄPLÄRAPU,Signal crayfish,signal_crayfish,,253000.0,287000.0,,1.134387351778656
2015,TÄPLÄRAPU,Signal crayfish,signal_crayfish,,,,,
2016,TÄPLÄRAPU,Signal crayfish,signal_crayfish,,818000.0,949000.0,,1.1601466992665037
2017,TÄPLÄRAPU,Signal crayfish,signal_crayfish,,783000.0,1080000.0,,1.3793103448275863
2018,TÄPLÄRAPU,Signal crayfish,signal_crayfish,,577000.0,727000.0,,1.2599653379549394
2019,TÄPLÄRAPU,Signal crayfish,signal_crayfish,,716000.0,888000.0,,1.2402234636871508
2020,TÄPLÄRAPU,Signal crayfish,signal_crayfish,,766000.0,927000.0,,1.2101827676240209
2021,TÄPLÄRAPU,Signal crayfish,signal_crayfish,,727000.0,946000.0,,1.3012379642365888
2022,TÄPLÄRAPU,Signal crayfish,signal_crayfish,,626000.0,782000.0,,1.2492012779552715
2023,TÄPLÄRAPU,Signal crayfish,signal_crayfish,,726000.0,886000.0,,1.2203856749311295
2024,TÄPLÄRAPU,Signal crayfish,signal_crayfish,,755000.0,966000.0,,1.2794701986754966
1980,KUORE,Smelt,smelt,78000.0,,18000.0,0.23076923076923078,
1981,KUORE,Smelt,smelt,169000.0,,29000.0,0.17159763313609466,
1982,KUORE,Smelt,smelt,106000.0,,17000.0,0.16037735849056603,
1983,KUORE,Smelt,smelt,266000.0,,39000.0,0.14661654135338345,
1984,KUORE,Smelt,smelt,126000.0,,24000.0,0.19047619047619047,
1985,KUORE,Smelt,smelt,153000.0,,23000.0,0.1503267973856209,
1986,KUORE,Smelt,smelt,156000.0,,26000.0,0.16666666666666666,
1987,KUORE,Smelt,smelt,234000.0,,39000.0,0.16666666666666666,
1988,KUORE,Smelt,smelt,189000.0,,32000.0,0.1693121693121693,
1989,KUORE,Smelt,smelt,269000.0,,45000.0,0.16728624535315986,
1990,KUORE,Smelt,smelt,240000.0,,40000.0,0.16666666666666666,
1991,KUORE,Smelt,smelt,290000.0,,49000.0,0.16896551724137931,
1992,KUORE,Smelt,smelt,418000.0,,28000.0,0.06698564593301436,
1993,KUORE,Smelt,smelt,393000.0,,142000.0,0.361323155216285,
1994,KUORE,Smelt,smelt,667000.0,,247000.0,0.37031484257871067,
1995,KUORE,Smelt,smelt,903000.0,,413000.0,0.4573643410852713,
1996,KUORE,Smelt,smelt,641000.0,,368000.0,0.5741029641185648,
1997,KUORE,Smelt,smelt,,,,,
1998,KUORE,Smelt,smelt,345000.0,,91000.0,0.263768115942029,
1999,KUORE,Smelt,smelt,,,,,
2000,KUORE,Smelt,smelt,325000.0,,253000.0,0.7784615384615384,
2001,KUORE,Smelt,smelt,,,,,
2002,KUORE,Smelt,smelt,425000.0,,123000.0,0.28941176470588237,
2003,KUORE,Smelt,smelt,,,,,
2004,KUORE,Smelt,smelt,418000.0,,84000.0,0.20095693779904306,
2005,KUORE,Smelt,smelt,,,,,
2006,KUORE,Smelt,smelt,157000.0,,47000.0,0.29936305732484075,
2007,KUORE,Smelt,smelt,,,,,
2008,KUORE,Smelt,smelt,148000.0,,40000.0,0.2702702702702703,
2009,KUORE,Smelt,smelt,,,,,
2010,KUORE,Smelt,smelt,178000.0,,99000.0,0.5561797752808989,
2011,KUORE,Smelt,smelt,,,,,
2012,KUORE,Smelt,smelt,192000.0,,115000.0,0.5989583333333334,
2013,KUORE,Smelt,smelt,,,,,
2014,KUORE,Smelt,smelt,630000.0,,175000.0,0.2777777777777778,
2015,KUORE,Smelt,smelt,,,,,
2016,KUORE,Smelt,smelt,289000.0,,110000.0,0.3806228373702422,
2017,KUORE,Smelt,smelt,480000.0,,183000.0,0.38125,
2018,KUORE,Smelt,smelt,228000.0,,128000.0,0.5614035087719298,
2019,KUORE,Smelt,smelt,468000.0,,182000.0,0.3888888888888889,
2020,KUORE,Smelt,smelt,313000.0,,116000.0,0.3706070287539936,
2021,KUORE,Smelt,smelt,245000.0,,113000.0,0.46122448979591835,
2022,KUORE,Smelt,smelt,95000.0,,103000.0,1.0842105263157895,
2023,KUORE,Smelt,smelt,277000.0,,127000.0,0.4584837545126354,
2024,KUORE,Smelt,smelt,54000.0,,25000.0,0.46296296296296297,
1980,TAIMEN,Trout,trout,23000.0,,107000.0,4.6521739130434785,
1981,TAIMEN,Trout,trout,17000.0,,76000.0,4.470588235294118,
1982,TAIMEN,Trout,trout,19000.0,,82000.0,4.315789473684211,
1983,TAIMEN,Trout,trout,21000.0,,98000.0,4.666666666666667,
1984,TAIMEN,Trout,trout,16000.0,,71000.0,4.4375,
1985,TAIMEN,Trout,trout,15000.0,,68000.0,4.533333333333333,
1986,TAIMEN,Trout,trout,16000.0,,71000.0,4.4375,
1987,TAIMEN,Trout,trout,18000.0,,76000.0,4.222222222222222,
1988,TAIMEN,Trout,trout,25000.0,,121000.0,4.84,
1989,TAIMEN,Trout,trout,26000.0,,103000.0,3.9615384615384617,
1990,TAIMEN,Trout,trout,25000.0,,68000.0,2.72,
1991,TAIMEN,Trout,trout,18000.0,,52000.0,2.888888888888889,
1992,TAIMEN,Trout,trout,26000.0,,79000.0,3.0384615384615383,
1993,TAIMEN,Trout,trout,19000.0,,67000.0,3.526315789473684,
1994,TAIMEN,Trout,trout,17000.0,,58000.0,3.411764705882353,
1995,TAIMEN,Trout,trout,14000.0,,37000.0,2.642857142857143,
1996,TAIMEN,Trout,trout,15000.0,,34000.0,2.2666666666666666,
1997,TAIMEN,Trout,trout,,,,,
1998,TAIMEN,Trout,trout,12000.0,,29000.0,2.4166666666666665,
1999,TAIMEN,Trout,trout,,,,,
2000,TAIMEN,Trout,trout,12000.0,,36000.0,3.0,
2001,TAIMEN,Trout,trout,,,,,
2002,TAIMEN,Trout,trout,13000.0,,44000.0,3.3846153846153846,
2003,TAIMEN,Trout,trout,,,,,
2004,TAIMEN,Trout,trout,10000.0,,28000.0,2.8,
2005,TAIMEN,Trout,trout,,,,,
2006,TAIMEN,Trout,trout,14000.0,,45000.0,3.2142857142857144,
2007,TAIMEN,Trout,trout,,,,,
2008,TAIMEN,Trout,trout,9000.0,,51000.0,5.666666666666667,
2009,TAIMEN,Trout,trout,,,,,
2010,TAIMEN,Trout,trout,6000.0,,41000.0,6.833333333333333,
2011,TAIMEN,Trout,trout,,,,,
2012,TAIMEN,Trout,trout,7000.0,,50000.0,7.142857142857143,
2013,TAIMEN,Trout,trout,,,,,
2014,TAIMEN,Trout,trout,10000.0,,93000.0,9.3,
2015,TAIMEN,Trout,trout,,,,,
2016,TAIMEN,Trout,trout,8000.0,,64000.0,8.0,
2017,TAIMEN,Trout,trout,7000.0,,61000.0,8.714285714285714,
2018,TAIMEN,Trout,trout,5000.0,,63000.0,12.6,
2019,TAIMEN,Trout,trout,10000.0,,119000.0,11.9,
2020,TAIMEN,Trout,trout,14000.0,,156000.0,11.142857142857142,
2021,TAIMEN,Trout,trout,12000.0,,138000.0,11.5,
2022,TAIMEN,Trout,trout,9000.0,,212000.0,23.555555555555557,
2023,TAIMEN,Trout,trout,10000.0,,176000.0,17.6,
2024,TAIMEN,Trout,trout,11000.0,,213000.0,19.363636363636363,
1980,MUIKKU,Vendace,vendace,3882000.0,,2853000.0,0.7349304482225657,
1981,MUIKKU,Vendace,vendace,3719000.0,,3572000.0,0.9604732454961011,
1982,MUIKKU,Vendace,vendace,3811000.0,,3269000.0,0.8577801102072947,
1983,MUIKKU,Vendace,vendace,3873000.0,,3518000.0,0.9083397882778208,
1984,MUIKKU,Vendace,vendace,3816000.0,,3601000.0,0.9436582809224319,
1985,MUIKKU,Vendace,vendace,3590000.0,,3973000.0,1.1066852367688023,
1986,MUIKKU,Vendace,vendace,3685000.0,,4890000.0,1.327001356852103,
1987,MUIKKU,Vendace,vendace,2934000.0,,4925000.0,1.6785957736877983,
1988,MUIKKU,Vendace,vendace,2676000.0,,5405000.0,2.0198056801195814,
1989,MUIKKU,Vendace,vendace,2181000.0,,4138000.0,1.8972948188904173,
1990,MUIKKU,Vendace,vendace,1528000.0,,2648000.0,1.7329842931937174,
1991,MUIKKU,Vendace,vendace,1105000.0,,1980000.0,1.7918552036199096,
1992,MUIKKU,Vendace,vendace,976000.0,,2168000.0,2.221311475409836,
1993,MUIKKU,Vendace,vendace,1090000.0,,2653000.0,2.4339449541284406,
1994,MUIKKU,Vendace,vendace,1355000.0,,3103000.0,2.2900369003690035,
1995,MUIKKU,Vendace,vendace,1974000.0,,3779000.0,1.914387031408308,
1996,MUIKKU,Vendace,vendace,2239000.0,,4320000.0,1.929432782492184,
1997,MUIKKU,Vendace,vendace,,,,,
1998,MUIKKU,Vendace,vendace,2384000.0,,4017000.0,1.6849832214765101,
1999,MUIKKU,Vendace,vendace,,,,,
2000,MUIKKU,Vendace,vendace,2815000.0,,4475000.0,1.5896980461811723,
2001,MUIKKU,Vendace,vendace,,,,,
2002,MUIKKU,Vendace,vendace,2676000.0,,4362000.0,1.6300448430493273,
2003,MUIKKU,Vendace,vendace,,,,,
2004,MUIKKU,Vendace,vendace,2533000.0,,4508000.0,1.779707856296881,
2005,MUIKKU,Vendace,vendace,,,,,
2006,MUIKKU,Vendace,vendace,2468000.0,,4394000.0,1.780388978930308,
2007,MUIKKU,Vendace,vendace,,,,,
2008,MUIKKU,Vendace,vendace,2496000.0,,4393000.0,1.7600160256410255,
2009,MUIKKU,Vendace,vendace,,,,,
2010,MUIKKU,Vendace,vendace,2452000.0,,5026000.0,2.0497553017944536,
2011,MUIKKU,Vendace,vendace,,,,,
2012,MUIKKU,Vendace,vendace,2604000.0,,5995000.0,2.3022273425499233,
2013,MUIKKU,Vendace,vendace,,,,,
2014,MUIKKU,Vendace,vendace,2805000.0,,5759000.0,2.053119429590018,
2015,MUIKKU,Vendace,vendace,,,,,
2016,MUIKKU,Vendace,vendace,2798000.0,,6104000.0,2.181558255897069,
2017,MUIKKU,Vendace,vendace,3168000.0,,5798000.0,1.8301767676767677,
2018,MUIKKU,Vendace,vendace,2425000.0,,5516000.0,2.274639175257732,
2019,MUIKKU,Vendace,vendace,2618000.0,,5746000.0,2.1948051948051948,
2020,MUIKKU,Vendace,vendace,2094000.0,,4923000.0,2.3510028653295127,
2021,MUIKKU,Vendace,vendace,1995000.0,,4573000.0,2.292230576441103,
2022,MUIKKU,Vendace,vendace,2383000.0,,5764000.0,2.418799832144356,
2023,MUIKKU,Vendace,vendace,1979000.0,,5579000.0,2.819100555836281,
2024,MUIKKU,Vendace,vendace,2078000.0,,4801000.0,2.3103946102021173,
1980,SIIKA,Whitefish,whitefish,253000.0,,419000.0,1.6561264822134387,
1981,SIIKA,Whitefish,whitefish,327000.0,,532000.0,1.6269113149847094,
1982,SIIKA,Whitefish,whitefish,276000.0,,499000.0,1.8079710144927537,
1983,SIIKA,Whitefish,whitefish,224000.0,,445000.0,1.9866071428571428,
1984,SIIKA,Whitefish,whitefish,309000.0,,624000.0,2.0194174757281553,
1985,SIIKA,Whitefish,whitefish,440000.0,,978000.0,2.2227272727272727,
1986,SIIKA,Whitefish,whitefish,526000.0,,1104000.0,2.098859315589354,
1987,SIIKA,Whitefish,whitefish,379000.0,,834000.0,2.2005277044854883,
1988,SIIKA,Whitefish,whitefish,503000.0,,1161000.0,2.308151093439364,
1989,SIIKA,Whitefish,whitefish,767000.0,,1610000.0,2.0990873533246415,
1990,SIIKA,Whitefish,whitefish,634000.0,,1296000.0,2.0441640378548898,
1991,SIIKA,Whitefish,whitefish,645000.0,,1417000.0,2.1968992248062014,
1992,SIIKA,Whitefish,whitefish,772000.0,,1839000.0,2.3821243523316062,
1993,SIIKA,Whitefish,whitefish,777000.0,,1897000.0,2.4414414414414414,
1994,SIIKA,Whitefish,whitefish,817000.0,,2064000.0,2.526315789473684,
1995,SIIKA,Whitefish,whitefish,615000.0,,1296000.0,2.107317073170732,
1996,SIIKA,Whitefish,whitefish,501000.0,,1032000.0,2.059880239520958,
1997,SIIKA,Whitefish,whitefish,,,,,
1998,SIIKA,Whitefish,whitefish,418000.0,,968000.0,2.3157894736842106,
1999,SIIKA,Whitefish,whitefish,,,,,
2000,SIIKA,Whitefish,whitefish,367000.0,,1069000.0,2.912806539509537,
2001,SIIKA,Whitefish,whitefish,,,,,
2002,SIIKA,Whitefish,whitefish,248000.0,,884000.0,3.564516129032258,
2003,SIIKA,Whitefish,whitefish,,,,,
2004,SIIKA,Whitefish,whitefish,208000.0,,654000.0,3.144230769230769,
2005,SIIKA,Whitefish,whitefish,,,,,
2006,SIIKA,Whitefish,whitefish,177000.0,,543000.0,3.0677966101694913,
2007,SIIKA,Whitefish,whitefish,,,,,
2008,SIIKA,Whitefish,whitefish,106000.0,,318000.0,3.0,
2009,SIIKA,Whitefish,whitefish,,,,,
2010,SIIKA,Whitefish,whitefish,103000.0,,375000.0,3.6407766990291264,
2011,SIIKA,Whitefish,whitefish,,,,,
2012,SIIKA,Whitefish,whitefish,100000.0,,427000.0,4.27,
2013,SIIKA,Whitefish,whitefish,,,,,
2014,SIIKA,Whitefish,whitefish,101000.0,,507000.0,5.01980198019802,
2015,SIIKA,Whitefish,whitefish,,,,,
2016,SIIKA,Whitefish,whitefish,120000.0,,520000.0,4.333333333333333,
2017,SIIKA,Whitefish,whitefish,116000.0,,720000.0,6.206896551724138,
2018,SIIKA,Whitefish,whitefish,133000.0,,835000.0,6.2781954887218046,
2019,SIIKA,Whitefish,whitefish,193000.0,,1139000.0,5.901554404145077,
2020,SIIKA,Whitefish,whitefish,160000.0,,877000.0,5.48125,
2021,SIIKA,Whitefish,whitefish,152000.0,,877000.0,5.769736842105263,
2022,SIIKA,Whitefish,whitefish,124000.0,,913000.0,7.362903225806452,
2023,SIIKA,Whitefish,whitefish,119000.0,,938000.0,7.882352941176471,
2024,SIIKA,Whitefish,whitefish,112000.0,,785000.0,7.008928571428571,
1980,Muikun mäti,,,,,,,
1980,Muu mäti,,,,,,,
1980,YHTEENSÄ (kalat),,,5261000.0,,4182000.0,0.7949059114236837,
1980,YHTEENSÄ (mäti),,,,,,,
1980,YHTEENSÄ (ravut),,,,,,,
1981,Muikun mäti,,,,,,,
1981,Muu mäti,,,,,,,
1981,YHTEENSÄ (kalat),,,5301000.0,,4964000.0,0.9364270892284474,
1981,YHTEENSÄ (mäti),,,,,,,
1981,YHTEENSÄ (ravut),,,,,,,
1982,Muikun mäti,,,,,,,
1982,Muu mäti,,,,,,,
1982,YHTEENSÄ (kalat),,,5479000.0,,4902000.0,0.8946888118269757,
1982,YHTEENSÄ (mäti),,,,,,,
1982,YHTEENSÄ (ravut),,,,,,,
1983,Muikun mäti,,,,,,,
1983,Muu mäti,,,,,,,
1983,YHTEENSÄ (kalat),,,5659000.0,,5357000.0,0.9466336808623431,
1983,YHTEENSÄ (mäti),,,,,,,
1983,YHTEENSÄ (ravut),,,,,,,
1984,Muikun mäti,,,,,,,
1984,Muu mäti,,,,,,,
1984,YHTEENSÄ (kalat),,,5369000.0,,5514000.0,1.027006891413671,
1984,YHTEENSÄ (mäti),,,,,,,
1984,YHTEENSÄ (ravut),,,,,,,
1985,Muikun mäti,,,,,,,
1985,Muu mäti,,,,,,,
1985,YHTEENSÄ (kalat),,,5351000.0,,6340000.0,1.1848252663053636,
1985,YHTEENSÄ (mäti),,,,,,,
1985,YHTEENSÄ (ravut),,,,,,,
1986,Muikun mäti,,,,,,,
1986,Muu mäti,,,,,,,
1986,YHTEENSÄ (kalat),,,5536000.0,,7354000.0,1.3283959537572254,
1986,YHTEENSÄ (mäti),,,,,,,
1986,YHTEENSÄ (ravut),,,,,,,
1987,Muikun mäti,,,,,,,
1987,Muu mäti,,,,,,,
1987,YHTEENSÄ (kalat),,,4703000.0,,7325000.0,1.5575164788432916,
1987,YHTEENSÄ (mäti),,,,,,,
1987,YHTEENSÄ (ravut),,,,,,,
1988,Muikun mäti,,,,,,,
1988,Muu mäti,,,,,,,
1988,YHTEENSÄ (kalat),,,4664000.0,,8422000.0,1.805746140651801,
1988,YHTEENSÄ (mäti),,,,,,,
1988,YHTEENSÄ (ravut),,,,,,,
1989,Muikun mäti,,,,,,,
1989,Muu mäti,,,,,,,
1989,YHTEENSÄ (kalat),,,4300000.0,,6772000.0,1.5748837209302327,
1989,YHTEENSÄ (mäti),,,,,,,
1989,YHTEENSÄ (ravut),,,,,,,
1990,Muikun mäti,,,,,,,
1990,Muu mäti,,,,,,,
1990,YHTEENSÄ (kalat),,,3294000.0,,4769000.0,1.4477838494231936,
1990,YHTEENSÄ (mäti),,,,,,,
1990,YHTEENSÄ (ravut),,,,,,,
1991,Muikun mäti,,,,,,,
1991,Muu mäti,,,,,,,
1991,YHTEENSÄ (kalat),,,3092000.0,,4206000.0,1.3602846054333764,
1991,YHTEENSÄ (mäti),,,,,,,
1991,YHTEENSÄ (ravut),,,,,,,
1992,Muikun mäti,,,,,,,
1992,Muu mäti,,,,,,,
1992,YHTEENSÄ (kalat),,,3277000.0,,4827000.0,1.4729935916997254,
1992,YHTEENSÄ (mäti),,,,,,,
1992,YHTEENSÄ (ravut),,,,,,,
1993,Muikun mäti,,,,,,,
1993,Muu mäti,,,,,,,
1993,YHTEENSÄ (kalat),,,3392000.0,,5518000.0,1.6267688679245282,
1993,YHTEENSÄ (mäti),,,,,,,
1993,YHTEENSÄ (ravut),,,,,,,
1994,Muikun mäti,,,,,,,
1994,Muu mäti,,,,,,,
1994,YHTEENSÄ (kalat),,,4099000.0,,6343000.0,1.5474505977067576,
1994,YHTEENSÄ (mäti),,,,,,,
1994,YHTEENSÄ (ravut),,,,,,,
1995,Muikun mäti,,,,,,,
1995,Muu mäti,,,,,,,
1995,YHTEENSÄ (kalat),,,4640000.0,,6222000.0,1.340948275862069,
1995,YHTEENSÄ (mäti),,,,,,,
1995,YHTEENSÄ (ravut),,,,,,,
1996,Muikun mäti,,,,,,,
1996,Muu mäti,,,,,,,
1996,YHTEENSÄ (kalat),,,4628000.0,,6470000.0,1.3980121002592913,
1996,YHTEENSÄ (mäti),,,,,,,
1996,YHTEENSÄ (ravut),,,,,,,
1997,Muikun mäti,,,,,,,
1997,Muu mäti,,,,,,,
1997,YHTEENSÄ (kalat),,,,,,,
1997,YHTEENSÄ (mäti),,,,,,,
1997,YHTEENSÄ (ravut),,,,,,,
1998,Muikun mäti,,,,,,,
1998,Muu mäti,,,,,,,
1998,YHTEENSÄ (kalat),,,4568000.0,,5832000.0,1.276707530647986,
1998,YHTEENSÄ (mäti),,,,,,,
1998,YHTEENSÄ (ravut),,,,,,,
1999,Muikun mäti,,,,,,,
1999,Muu mäti,,,,,,,
1999,YHTEENSÄ (kalat),,,,,,,
1999,YHTEENSÄ (mäti),,,,,,,
1999,YHTEENSÄ (ravut),,,,,,,
2000,Muikun mäti,,,,,,,
2000,Muu mäti,,,,,,,
2000,YHTEENSÄ (kalat),,,5359000.0,,6871000.0,1.2821421907072215,
2000,YHTEENSÄ (mäti),,,,,,,
2000,YHTEENSÄ (ravut),,,,,,,
2001,Muikun mäti,,,,,,,
2001,Muu mäti,,,,,,,
2001,YHTEENSÄ (kalat),,,,,,,
2001,YHTEENSÄ (mäti),,,,,,,
2001,YHTEENSÄ (ravut),,,,,,,
2002,Muikun mäti,,,,,,,
2002,Muu mäti,,,,,,,
2002,YHTEENSÄ (kalat),,,5217000.0,,6685000.0,1.281387770749473,
2002,YHTEENSÄ (mäti),,,,,,,
2002,YHTEENSÄ (ravut),,,,,,,
2003,Muikun mäti,,,,,,,
2003,Muu mäti,,,,,,,
2003,YHTEENSÄ (kalat),,,,,,,
2003,YHTEENSÄ (mäti),,,,,,,
2003,YHTEENSÄ (ravut),,,,,,,
2004,Muikun mäti,,,,,,,
2004,Muu mäti,,,,,,,
2004,YHTEENSÄ (kalat),,,5074000.0,,6533000.0,1.287544343713047,
2004,YHTEENSÄ (mäti),,,,,,,
2004,YHTEENSÄ (ravut),,,,,,,
2005,Muikun mäti,,,,,,,
2005,Muu mäti,,,,,,,
2005,YHTEENSÄ (kalat),,,,,,,
2005,YHTEENSÄ (mäti),,,,,,,
2005,YHTEENSÄ (ravut),,,,,,,
2006,Muikun mäti,,,,,,,
2006,Muu mäti,,,,,,,
2006,YHTEENSÄ (kalat),,,4498000.0,,6276000.0,1.3952867941307248,
2006,YHTEENSÄ (mäti),,,,,,,
2006,YHTEENSÄ (ravut),,,,,,,
2007,Muikun mäti,,,,,,,
2007,Muu mäti,,,,,,,
2007,YHTEENSÄ (kalat),,,,,,,
2007,YHTEENSÄ (mäti),,,,,,,
2007,YHTEENSÄ (ravut),,,,,,,
2008,Muikun mäti,,,10000.0,,409000.0,40.9,
2008,Muu mäti,,,1000.0,,12000.0,12.0,
2008,YHTEENSÄ (kalat),,,3912000.0,,6015000.0,1.5375766871165644,
2008,YHTEENSÄ (mäti),,,11000.0,,421000.0,38.27272727272727,
2008,YHTEENSÄ (ravut),,,,153000.0,154000.0,,1.0065359477124183
2009,Muikun mäti,,,,,,,
2009,Muu mäti,,,,,,,
2009,YHTEENSÄ (kalat),,,,,,,
2009,YHTEENSÄ (mäti),,,,,,,
2009,YHTEENSÄ (ravut),,,,,,,
2010,Muikun mäti,,,14000.0,,615000.0,43.92857142857143,
2010,Muu mäti,,,1000.0,,25000.0,25.0,
2010,YHTEENSÄ (kalat),,,4555000.0,,7716000.0,1.6939626783754116,
2010,YHTEENSÄ (mäti),,,15000.0,,640000.0,42.666666666666664,
2010,YHTEENSÄ (ravut),,,,488000.0,424000.0,,0.8688524590163934
2011,Muikun mäti,,,,,,,
2011,Muu mäti,,,,,,,
2011,YHTEENSÄ (kalat),,,,,,,
2011,YHTEENSÄ (mäti),,,,,,,
2011,YHTEENSÄ (ravut),,,,,,,
2012,Muikun mäti,,,9000.0,,468000.0,52.0,
2012,Muu mäti,,,1000.0,,24000.0,24.0,
2012,YHTEENSÄ (kalat),,,4766000.0,,9586000.0,2.0113302559798574,
2012,YHTEENSÄ (mäti),,,10000.0,,492000.0,49.2,
2012,YHTEENSÄ (ravut),,,,349000.0,452000.0,,1.2951289398280803
2013,Muikun mäti,,,,,,,
2013,Muu mäti,,,,,,,
2013,YHTEENSÄ (kalat),,,,,,,
2013,YHTEENSÄ (mäti),,,,,,,
2013,YHTEENSÄ (ravut),,,,,,,
2014,Muikun mäti,,,13000.0,,482000.0,37.07692307692308,
2014,Muu mäti,,,0.0,,11000.0,,
2014,YHTEENSÄ (kalat),,,6030000.0,,10905000.0,1.808457711442786,
2014,YHTEENSÄ (mäti),,,13000.0,,493000.0,37.92307692307692,
2014,YHTEENSÄ (ravut),,,,255000.0,293000.0,,1.1490196078431372
2015,Muikun mäti,,,,,,,
2015,Muu mäti,,,,,,,
2015,YHTEENSÄ (kalat),,,,,,,
2015,YHTEENSÄ (mäti),,,,,,,
2015,YHTEENSÄ (ravut),,,,,,,
2016,Muikun mäti,,,7000.0,,319000.0,45.57142857142857,
2016,Muu mäti,,,0.0,,12000.0,,
2016,YHTEENSÄ (kalat),,,5833000.0,,13501000.0,2.3145894051088636,
2016,YHTEENSÄ (mäti),,,7000.0,,331000.0,47.285714285714285,
2016,YHTEENSÄ (ravut),,,,877000.0,1081000.0,,1.2326111744583808
2017,Muikun mäti,,,5000.0,,261000.0,52.2,
2017,Muu mäti,,,1000.0,,42000.0,42.0,
2017,YHTEENSÄ (kalat),,,6499000.0,,13758000.0,2.1169410678565934,
2017,YHTEENSÄ (mäti),,,6000.0,,303000.0,50.5,
2017,YHTEENSÄ (ravut),,,,825000.0,1190000.0,,1.4424242424242424
2018,Muikun mäti,,,8000.0,,269000.0,33.625,
2018,Muu mäti,,,0.0,,13000.0,,
2018,YHTEENSÄ (kalat),,,5174000.0,,13414000.0,2.5925782759953613,
2018,YHTEENSÄ (mäti),,,8000.0,,282000.0,35.25,
2018,YHTEENSÄ (ravut),,,,594000.0,762000.0,,1.2828282828282829
2019,Muikun mäti,,,7000.0,,312000.0,44.57142857142857,
2019,Muu mäti,,,2000.0,,82000.0,41.0,
2019,YHTEENSÄ (kalat),,,6394000.0,,15893000.0,2.485611510791367,
2019,YHTEENSÄ (mäti),,,9000.0,,394000.0,43.77777777777778,
2019,YHTEENSÄ (ravut),,,,730000.0,927000.0,,1.2698630136986302
2020,Muikun mäti,,,2000.0,,95000.0,47.5,
2020,Muu mäti,,,1000.0,,35000.0,35.0,
2020,YHTEENSÄ (kalat),,,5312000.0,,14371000.0,2.7053840361445785,
2020,YHTEENSÄ (mäti),,,3000.0,,130000.0,43.333333333333336,
2020,YHTEENSÄ (ravut),,,,774000.0,943000.0,,1.2183462532299743
2021,Muikun mäti,,,3000.0,,189000.0,63.0,
2021,Muu mäti,,,1000.0,,40000.0,40.0,
2021,YHTEENSÄ (kalat),,,5112000.0,,14209000.0,2.7795383411580596,
2021,YHTEENSÄ (mäti),,,4000.0,,229000.0,57.25,
2021,YHTEENSÄ (ravut),,,,734000.0,961000.0,,1.3092643051771118
2022,Muikun mäti,,,4000.0,,325000.0,81.25,
2022,Muu mäti,,,1000.0,,43000.0,43.0,
2022,YHTEENSÄ (kalat),,,5132000.0,,14730000.0,2.8702260327357756,
2022,YHTEENSÄ (mäti),,,5000.0,,369000.0,73.8,
2022,YHTEENSÄ (ravut),,,,631000.0,797000.0,,1.2630744849445326
2023,Muikun mäti,,,,,,,
2023,Muu mäti,,,,,,,
2023,YHTEENSÄ (kalat),,,4881000.0,,14770000.0,3.026019258348699,
2023,YHTEENSÄ (mäti),,,,,,,
2023,YHTEENSÄ (ravut),,,,756000.0,974000.0,,1.2883597883597884
2024,Muikun mäti,,,,,,,
2024,Muu mäti,,,,,,,
2024,YHTEENSÄ (kalat),,,5014000.0,,14724000.0,2.936577582768249,
2024,YHTEENSÄ (mäti),,,,,,,
2024,YHTEENSÄ (ravut),,,,762000.0,987000.0,,1.295275590551181
